Filename,Title,Subtitle
2132131.png,Tactical Edge,Weapon Design
280b94d6-f7bc-4907-b281-219bb96d982a.png,Eternal Warrior,Character Art
30c7ab0a-f98d-4974-90be-adceaba996b2 (1).png,Equine Grace,Creature Study
3851f9c6-dc1c-409a-a4ba-6ba849c244ff.png,Regal Decay,Concept Art
4933d2a0-31c2-4799-8531-f1d3d3ec2986.png,Vintage Future,Prop Design
4e7a5be7-3224-4f5d-a626-1b936e4b73b9.png,Norse Legacy,Historical Fantasy
534409b7-bef0-43f8-8613-06788ea878ec.png,Iron Guardian,Medieval Concept
556ff11c-968f-4f1b-85c1-4fb110254d87.png,Stellar Voyager,Vehicle Design
6899e845-f07d-4bbe-9daf-2f49c17e7cf3.png,Heavy Walker,Mech Design
7a669c3d-7db2-4a87-a97b-82925d65a728.png,Eastern Warrior,Historical Concept
87cbb353-138e-44f0-93fa-07886acdfc5a.png,Cyber Fauna,Creature Design
asadasd.png,Scout Unit,Robot Concept
asdsad.png,Urban Relic,Prop Asset
asdsdasd.png,EOS R5,Product Vis
b2f0a40f-3924-42cf-b78d-a1ac93b2d3a2.png,Regal End,Digital Art
Başlıksız-1.png,Dark Stallion,Equine Photography
Başlıksız-2.png,Heavy Assault,Mech Design
Başlıksız-3.png,Savage Warrior,Fantasy Character
Başlıksız-4.png,Xeno Form,Creature Concept
Başlıksız-5.0.png,Iron Death,Helmet Study
Başlıksız-5.2.png,Spartan Soul,Helmet Study
Başlıksız-5.3.png,Eastern Guard,Helmet Study
Başlıksız-5.4.png,Viking Spirit,Helmet Study
Başlıksız-5.6.png,Golden Rule,Helmet Study
Başlıksız-5.7.png,Royal Remains,Helmet Study
Başlıksız-5.png,Steel Gaze,Helmet Study
başlıksız-6.png,Siege Beast,Creature Concept
Başlıksız-7.png,Hunter's Moon,Fantasy Art
Başlıksız-8.png,Royal Bludgeon,Weapon Design
Başlıksız-9.png,Kinetic Firearm,Weapon Concept
c5f24a7f-d959-4253-ac4c-e545ee12dc20.png,Ceremonial Mace II,Weapon Design
de08ec16-062c-4714-a401-fcd46167124a.png,Night Hunter II,Fantasy Art
e08f26e7-4c5f-4f58-8cbf-d07c6dc710b9.png,KF-1500 Variant,Weapon Concept
